r/askreddit,4132
r/politics,2183
r/technology,1117
r/interestingasfuck,826
r/wallstreetbets,769
r/worldnews,559
r/europe,491
r/news,466
r/explainlikeimfive,391
r/ukpolitics,312
r/philippines,305
r/bitcoin,272
r/investing,263
r/economics,255
r/stocks,250
r/cryptocurrency,248
r/futurology,240
r/dogecoin,227
r/dataengineering,225
r/artificial,220
r/solana,218
r/singapore,213
r/korea,213
r/japan,213
r/askeconomics,213
r/china,212
r/cryptomarkets,209
r/btc,209
r/machinelearning,207
r/indiaspeaks,207
r/bitcoinbeginners,206
r/worldpolitics,205
r/ethereum,205
r/monero,203
r/cryptomoonshots,203
r/cardano,203
r/polkadot,202
r/ethstaker,202
r/defi,202
r/binance,202
r/algorand,202
r/datascience,201
r/ripple,200
r/languagetechnology,200
r/indiainvestments,200
r/finance,200
r/ethfinance,200
r/cryptotechnology,200
r/cryptocurrencytrading,200
r/chainlink,200
r/bittensor_,200
r/bigdata,200
